"id","probs","preds","labels"
1,1e-04,"0",0
2,0.00110636121640506,"0",0
3,1e-04,"0",0
4,1e-04,"0",0
5,1e-04,"0",0
6,1e-04,"0",0
7,1e-04,"0",0
8,1e-04,"0",0
9,1e-04,"0",0
10,1e-04,"0",0
11,1e-04,"0",0
12,0.00050260045324424,"0",0
13,1e-04,"0",0
14,1e-04,"0",0
15,0.000108347276036258,"0",0
16,1e-04,"0",0
17,0.999767310327188,"1",1
18,1e-04,"0",0
19,1e-04,"0",0
20,0.000215095506825635,"0",0
21,0.9999,"1",1
22,1e-04,"0",0
23,1e-04,"0",0
24,0.000215098638772115,"0",0
25,1e-04,"0",0
26,1e-04,"0",0
27,1e-04,"0",0
28,1e-04,"0",0
29,1e-04,"0",0
30,1e-04,"0",0
31,0.000462412845192994,"0",0
32,1e-04,"0",0
33,1e-04,"0",0
34,1e-04,"0",0
35,1e-04,"0",0
36,1e-04,"0",0
37,1e-04,"0",0
38,1e-04,"0",0
39,1e-04,"0",0
40,0.000113483694274108,"0",0
41,1e-04,"0",0
42,1e-04,"0",0
43,1e-04,"0",0
44,1e-04,"0",0
45,1e-04,"0",0
46,1e-04,"0",0
47,1e-04,"0",0
48,0.000215609157710017,"0",0
49,1e-04,"0",0
50,0.00368172851974224,"0",0
51,1e-04,"0",0
52,1e-04,"0",0
53,1e-04,"0",0
54,0.000104133037164389,"0",0
55,0.999657933815535,"1",1
56,1e-04,"0",0
57,0.000128147120317945,"0",0
58,1e-04,"0",0
59,0.000268249368901241,"0",0
60,0.00079870275687377,"0",0
61,0.000345920423627577,"0",0
62,0.000205323449257833,"0",0
63,1e-04,"0",0
64,0.995744387631297,"1",1
65,1e-04,"0",0
66,0.000275362226809794,"0",0
67,1e-04,"0",0
68,1e-04,"0",0
69,1e-04,"0",0
70,1e-04,"0",0
71,1e-04,"0",0
72,1e-04,"0",0
73,1e-04,"0",0
74,1e-04,"0",0
75,0.000200566503249622,"0",0
76,1e-04,"0",0
77,1e-04,"0",0
78,0.000475849337899459,"0",0
79,1e-04,"0",0
80,1e-04,"0",0
81,1e-04,"0",0
82,1e-04,"0",0
83,1e-04,"0",0
84,1e-04,"0",0
85,1e-04,"0",0
86,1e-04,"0",0
87,1e-04,"0",0
88,0.000581452884085953,"0",0
89,0.000449642388399729,"0",0
90,0.000464621515755326,"0",0
91,0.9999,"1",1
92,1e-04,"0",0
93,1e-04,"0",0
94,1e-04,"0",0
95,1e-04,"0",0
96,0.000526788701299408,"0",0
97,1e-04,"0",0
98,0.000223402947200246,"0",0
99,1e-04,"0",0
100,0.000937222396258486,"0",0
101,0.0121491546376393,"0",0
102,1e-04,"0",0
103,1e-04,"0",0
104,0.0293835823210616,"0",0
105,1e-04,"0",0
106,1e-04,"0",0
107,1e-04,"0",0
108,1e-04,"0",0
109,1e-04,"0",0
110,1e-04,"0",0
111,1e-04,"0",0
112,0.999575656717614,"1",1
113,1e-04,"0",0
114,1e-04,"0",0
115,0.998715836115268,"1",1
116,1e-04,"0",0
117,1e-04,"0",0
118,1e-04,"0",0
119,1e-04,"0",0
120,1e-04,"0",0
121,1e-04,"0",0
122,0.390433950830547,"0",1
123,0.9999,"1",1
124,1e-04,"0",0
125,0.407688104170404,"0",0
126,1e-04,"0",0
127,1e-04,"0",0
128,0.997710834819511,"1",1
129,0.9999,"1",1
130,1e-04,"0",0
131,1e-04,"0",0
132,1e-04,"0",0
133,1e-04,"0",0
134,1e-04,"0",0
135,0.000948267549481074,"0",0
136,0.000355757055644945,"0",0
137,1e-04,"0",0
138,1e-04,"0",0
139,1e-04,"0",0
140,0.9999,"1",1
141,1e-04,"0",0
142,1e-04,"0",0
143,0.9999,"1",1
144,1e-04,"0",0
145,1e-04,"0",0
146,0.000124121152840551,"0",0
147,1e-04,"0",0
148,1e-04,"0",0
149,1e-04,"0",0
150,0.99966513035566,"1",1
151,0.00230479918451154,"0",0
152,1e-04,"0",0
153,1e-04,"0",0
154,0.00592199116481296,"0",0
155,1e-04,"0",0
156,1e-04,"0",0
157,1e-04,"0",0
158,1e-04,"0",0
159,0.000126846664564417,"0",0
160,1e-04,"0",0
161,1e-04,"0",0
162,0.000175561149063475,"0",0
163,1e-04,"0",0
164,1e-04,"0",0
165,0.999643485130344,"1",1
166,1e-04,"0",0
167,1e-04,"0",0
168,0.999619314290244,"1",1
169,1e-04,"0",0
170,0.000212277110765657,"0",0
171,0.465684320108894,"0",1
172,1e-04,"0",0
173,1e-04,"0",0
174,0.999131859933057,"1",1
175,1e-04,"0",0
176,0.000670876343424331,"0",0
177,1e-04,"0",0
178,0.000188628905740451,"0",0
179,1e-04,"0",0
180,0.990911622802616,"1",1
181,0.000129761341272627,"0",0
182,1e-04,"0",0
183,1e-04,"0",0
184,0.997070962746691,"1",1
185,1e-04,"0",0
186,1e-04,"0",0
187,0.9999,"1",1
188,1e-04,"0",0
189,1e-04,"0",0
190,0.000675050706261504,"0",0
191,1e-04,"0",0
192,1e-04,"0",0
193,0.953877132141722,"1",1
194,0.00013637282327239,"0",0
195,1e-04,"0",0
196,1e-04,"0",0
197,1e-04,"0",0
198,0.9999,"1",1
199,1e-04,"0",0
200,1e-04,"0",0
201,1e-04,"0",0
202,1e-04,"0",0
203,1e-04,"0",0
204,1e-04,"0",0
205,1e-04,"0",0
206,1e-04,"0",0
207,0.000918584596163896,"0",0
208,1e-04,"0",0
209,1e-04,"0",0
210,1e-04,"0",0
211,1e-04,"0",0
212,1e-04,"0",0
213,1e-04,"0",0
214,1e-04,"0",0
215,1e-04,"0",0
216,0.00030003438190318,"0",0
217,1e-04,"0",0
218,1e-04,"0",0
219,0.9999,"1",1
220,1e-04,"0",0
221,1e-04,"0",0
222,1e-04,"0",0
223,1e-04,"0",0
224,0.9999,"1",1
225,1e-04,"0",0
226,1e-04,"0",0
227,1e-04,"0",0
228,1e-04,"0",0
229,1e-04,"0",0
230,1e-04,"0",0
231,1e-04,"0",0
232,0.998736319282962,"1",1
233,1e-04,"0",0
234,1e-04,"0",0
235,1e-04,"0",0
236,0.000179491703255819,"0",0
237,0.000173529519572058,"0",0
238,0.00067773792961956,"0",0
239,0.000580962710478139,"0",0
240,0.9999,"1",1
241,1e-04,"0",0
242,0.999862605891607,"1",1
243,1e-04,"0",0
244,0.0173162816001542,"0",0
245,1e-04,"0",0
246,0.999239667700393,"1",1
247,1e-04,"0",0
248,1e-04,"0",0
249,1e-04,"0",0
250,0.000342104019832035,"0",0
251,1e-04,"0",0
252,1e-04,"0",0
253,1e-04,"0",0
254,1e-04,"0",0
255,1e-04,"0",0
256,1e-04,"0",0
257,0.000436885232744544,"0",0
258,1e-04,"0",0
259,0.000119117853215056,"0",0
260,0.00330820021146416,"0",0
261,1e-04,"0",0
262,0.9999,"1",1
263,1e-04,"0",0
264,1e-04,"0",0
265,1e-04,"0",0
266,0.00012739642746995,"0",0
267,1e-04,"0",0
268,1e-04,"0",0
269,1e-04,"0",0
270,1e-04,"0",0
271,1e-04,"0",0
272,1e-04,"0",0
273,0.999874238618091,"1",1
274,1e-04,"0",0
275,1e-04,"0",0
276,1e-04,"0",0
277,0.0187226368057922,"0",0
278,1e-04,"0",0
279,1e-04,"0",0
280,0.000842944669016688,"0",0
281,1e-04,"0",0
282,0.000419011231114097,"0",0
283,1e-04,"0",0
284,1e-04,"0",0
285,1e-04,"0",0
286,0.997832397903108,"1",1
287,0.000251562653199588,"0",0
288,1e-04,"0",0
289,1e-04,"0",0
290,1e-04,"0",0
291,1e-04,"0",0
292,1e-04,"0",0
293,1e-04,"0",0
294,1e-04,"0",0
295,1e-04,"0",0
296,1e-04,"0",0
297,0.999776468898,"1",1
298,0.999706005610565,"1",1
299,1e-04,"0",0
300,1e-04,"0",0
301,1e-04,"0",0
302,1e-04,"0",0
303,1e-04,"0",0
304,1e-04,"0",0
305,1e-04,"0",0
306,0.9999,"1",1
307,0.997577431369665,"1",1
308,1e-04,"0",0
309,0.95952320984745,"1",1
310,1e-04,"0",0
311,0.00219903431757429,"0",0
312,0.00441075043594075,"0",0
313,0.000423597820772836,"0",0
314,1e-04,"0",0
315,0.0549766619462041,"0",0
316,1e-04,"0",0
317,1e-04,"0",0
318,0.9999,"1",1
319,1e-04,"0",0
320,1e-04,"0",0
321,0.00157058708604685,"0",0
322,1e-04,"0",0
323,1e-04,"0",0
324,0.00595735950180065,"0",0
325,0.999309762316364,"1",1
326,0.000124518156067954,"0",0
327,0.9999,"1",1
328,0.00022067868232567,"0",0
329,1e-04,"0",0
330,1e-04,"0",0
331,1e-04,"0",0
332,1e-04,"0",0
333,1e-04,"0",0
334,1e-04,"0",0
335,0.000122977433957838,"0",0
336,0.000267423676966083,"0",0
337,1e-04,"0",0
338,1e-04,"0",0
339,1e-04,"0",0
340,1e-04,"0",0
341,0.9999,"1",1
342,1e-04,"0",0
343,0.000127072620634605,"0",0
344,0.0569580900872864,"0",0
345,1e-04,"0",0
346,1e-04,"0",0
347,0.99970960584932,"1",1
348,1e-04,"0",0
349,1e-04,"0",0
350,1e-04,"0",0
351,0.000105619962190606,"0",0
352,0.000167511318996505,"0",0
353,1e-04,"0",0
354,1e-04,"0",0
355,0.000549102399821089,"0",0
356,0.000649800097800135,"0",0
357,1e-04,"0",0
358,1e-04,"0",0
359,1e-04,"0",0
360,1e-04,"0",0
361,0.359471355950679,"0",0
362,0.00170963507871469,"0",0
363,0.000200235472466948,"0",0
364,1e-04,"0",0
365,1e-04,"0",0
366,1e-04,"0",0
367,1e-04,"0",0
368,1e-04,"0",0
369,1e-04,"0",0
370,1e-04,"0",0
371,0.000150730068885774,"0",0
372,1e-04,"0",0
373,1e-04,"0",0
374,1e-04,"0",0
375,1e-04,"0",0
376,1e-04,"0",0
377,1e-04,"0",0
378,0.000105913323435791,"0",0
379,1e-04,"0",0
380,1e-04,"0",0
381,1e-04,"0",0
382,0.000507709651188293,"0",0
383,1e-04,"0",0
384,1e-04,"0",0
385,1e-04,"0",0
386,1e-04,"0",0
387,0.000411735116732315,"0",0
388,0.000101616518462855,"0",0
389,0.000120859864909617,"0",0
390,0.000282930073556398,"0",0
391,1e-04,"0",0
392,0.000177065125482434,"0",0
393,1e-04,"0",0
394,1e-04,"0",0
395,1e-04,"0",0
396,1e-04,"0",0
397,0.999223590542789,"1",1
398,1e-04,"0",0
399,1e-04,"0",0
400,1e-04,"0",0
401,1e-04,"0",0
402,0.000141609988137059,"0",0
403,0.9999,"1",1
404,1e-04,"0",0
405,1e-04,"0",0
406,0.000140217359712924,"0",0
407,1e-04,"0",0
408,1e-04,"0",0
409,1e-04,"0",0
410,0.000210625294907785,"0",0
411,0.000150818743074543,"0",0
412,1e-04,"0",0
413,1e-04,"0",0
414,0.000144356317894334,"0",0
415,1e-04,"0",0
416,1e-04,"0",0
417,1e-04,"0",0
418,1e-04,"0",0
419,1e-04,"0",0
420,1e-04,"0",0
421,1e-04,"0",0
422,1e-04,"0",0
423,1e-04,"0",0
424,0.000162876060682215,"0",0
425,1e-04,"0",0
426,1e-04,"0",0
427,1e-04,"0",0
428,1e-04,"0",0
429,1e-04,"0",0
430,0.0020066647678405,"0",0
431,0.000123816637973895,"0",0
432,1e-04,"0",0
433,1e-04,"0",0
434,0.000355315783442167,"0",0
435,0.000877473990781197,"0",0
436,0.9999,"1",1
437,0.00336692639369895,"0",0
438,0.000249978413742191,"0",0
439,1e-04,"0",0
440,0.000526334607875212,"0",0
441,0.9999,"1",1
442,1e-04,"0",0
443,1e-04,"0",0
444,1e-04,"0",0
445,0.00036705898388989,"0",0
446,1e-04,"0",0
447,1e-04,"0",0
448,1e-04,"0",0
449,1e-04,"0",0
450,1e-04,"0",0
451,1e-04,"0",0
452,1e-04,"0",0
453,1e-04,"0",0
454,1e-04,"0",0
455,0.000204770173640734,"0",0
456,0.000589594986905695,"0",0
457,1e-04,"0",0
458,0.00014999116491865,"0",0
459,1e-04,"0",0
460,1e-04,"0",0
461,0.00055615450559654,"0",0
462,1e-04,"0",0
463,0.9999,"1",1
464,1e-04,"0",0
465,1e-04,"0",0
466,1e-04,"0",0
467,0.000227683583818639,"0",0
468,1e-04,"0",0
469,1e-04,"0",0
470,1e-04,"0",0
471,1e-04,"0",0
472,1e-04,"0",0
473,1e-04,"0",0
474,0.000132930387804708,"0",0
475,0.000213075915369676,"0",0
476,0.000557755378904234,"0",0
477,1e-04,"0",0
478,0.9999,"1",1
479,1e-04,"0",0
480,1e-04,"0",0
481,0.000268215132714578,"0",0
482,0.000361412694389607,"0",0
483,1e-04,"0",0
484,1e-04,"0",0
485,1e-04,"0",0
486,1e-04,"0",0
487,1e-04,"0",0
488,1e-04,"0",0
489,1e-04,"0",0
490,0.000181268156697501,"0",0
491,1e-04,"0",0
492,1e-04,"0",0
493,1e-04,"0",0
494,1e-04,"0",0
495,1e-04,"0",0
496,1e-04,"0",0
497,1e-04,"0",0
498,1e-04,"0",0
499,1e-04,"0",0
500,1e-04,"0",0
501,1e-04,"0",0
502,0.00168589270284192,"0",0
503,1e-04,"0",0
504,1e-04,"0",0
505,1e-04,"0",0
506,1e-04,"0",0
507,0.000513700281622453,"0",0
508,1e-04,"0",0
509,1e-04,"0",0
510,0.00136939189755847,"0",0
511,1e-04,"0",0
512,0.999676038028118,"1",1
513,1e-04,"0",0
514,1e-04,"0",0
515,0.000166820185069749,"0",0
516,1e-04,"0",0
517,1e-04,"0",0
518,0.00173363773598323,"0",0
519,0.998162798613733,"1",1
520,1e-04,"0",0
521,1e-04,"0",0
522,0.0396716281949362,"0",0
523,1e-04,"0",0
524,0.000551343004924987,"0",0
525,1e-04,"0",0
526,1e-04,"0",0
527,1e-04,"0",0
528,1e-04,"0",0
529,0.000248807717608046,"0",0
530,1e-04,"0",0
531,0.000197501051265148,"0",0
532,0.000849496193431554,"0",0
533,1e-04,"0",0
534,1e-04,"0",0
535,1e-04,"0",0
536,1e-04,"0",0
537,1e-04,"0",0
538,0.997750754665363,"1",1
539,1e-04,"0",0
540,0.000141607123889331,"0",0
541,1e-04,"0",0
542,0.00277291238597777,"0",0
543,0.000291121822569518,"0",0
544,0.9999,"1",1
545,1e-04,"0",0
546,1e-04,"0",0
547,1e-04,"0",0
548,1e-04,"0",0
549,1e-04,"0",0
550,0.000115443892779288,"0",0
551,1e-04,"0",0
552,1e-04,"0",0
553,0.9999,"1",1
554,1e-04,"0",0
555,1e-04,"0",0
556,1e-04,"0",0
557,1e-04,"0",0
558,1e-04,"0",0
559,1e-04,"0",0
560,0.000985147694572253,"0",0
561,1e-04,"0",0
562,1e-04,"0",0
563,1e-04,"0",0
564,1e-04,"0",0
565,1e-04,"0",0
566,1e-04,"0",0
567,1e-04,"0",0
568,0.000152242257582924,"0",0
569,1e-04,"0",0
570,0.999213090615967,"1",1
571,1e-04,"0",0
572,1e-04,"0",0
573,0.00073668052049225,"0",0
574,1e-04,"0",0
575,1e-04,"0",0
576,1e-04,"0",0
577,1e-04,"0",0
578,0.00128948635558745,"0",0
579,1e-04,"0",0
580,1e-04,"0",0
581,1e-04,"0",0
582,0.9999,"1",1
583,1e-04,"0",0
584,1e-04,"0",0
585,1e-04,"0",0
586,1e-04,"0",0
587,0.000428705240712257,"0",0
588,0.00242543232467296,"0",0
589,1e-04,"0",0
590,0.984233075329631,"1",1
591,1e-04,"0",0
592,1e-04,"0",0
593,1e-04,"0",0
594,0.000123201219105806,"0",0
595,0.000392645121563562,"0",0
596,1e-04,"0",0
597,1e-04,"0",0
598,0.999889095091271,"1",1
599,0.000139994926381171,"0",0
600,0.000621420038373732,"0",0
601,1e-04,"0",0
602,0.000132420755618035,"0",0
603,1e-04,"0",0
604,0.000298536146334794,"0",0
605,0.00135410075113174,"0",0
606,1e-04,"0",0
607,1e-04,"0",0
608,1e-04,"0",0
609,0.999688089297705,"1",1
610,1e-04,"0",0
611,0.00197002557743364,"0",0
612,1e-04,"0",0
613,1e-04,"0",0
614,1e-04,"0",0
615,0.000148297005942544,"0",0
616,0.999615327376972,"1",1
617,1e-04,"0",0
618,1e-04,"0",0
619,1e-04,"0",0
620,1e-04,"0",0
621,1e-04,"0",0
622,0.00195288508260916,"0",0
623,1e-04,"0",0
624,1e-04,"0",0
625,0.9999,"1",1
626,1e-04,"0",0
627,1e-04,"0",0
628,1e-04,"0",0
629,1e-04,"0",0
630,1e-04,"0",0
631,1e-04,"0",0
632,0.000273889509670666,"0",0
633,0.9999,"1",1
634,1e-04,"0",0
635,0.000125769720261903,"0",0
636,1e-04,"0",0
637,0.999512087223349,"1",1
638,1e-04,"0",0
639,0.0005026224350273,"0",0
640,1e-04,"0",0
641,1e-04,"0",0
642,1e-04,"0",0
643,0.000294748369880971,"0",0
644,1e-04,"0",0
645,1e-04,"0",0
646,1e-04,"0",0
647,1e-04,"0",0
648,0.0101041913568048,"0",0
649,1e-04,"0",0
650,1e-04,"0",0
651,1e-04,"0",0
652,0.9999,"1",1
653,0.000388680888358972,"0",0
654,0.996257934891975,"1",1
655,1e-04,"0",0
656,0.986795222840831,"1",1
657,0.00407353404219069,"0",0
658,1e-04,"0",0
659,1e-04,"0",0
660,1e-04,"0",0
661,1e-04,"0",0
662,1e-04,"0",0
663,0.000127481570412313,"0",0
664,0.000136801539822984,"0",0
665,0.999798458445048,"1",1
666,1e-04,"0",0
667,1e-04,"0",0
668,1e-04,"0",0
669,1e-04,"0",0
670,1e-04,"0",0
671,1e-04,"0",0
672,0.9999,"1",1
673,0.00171531216975307,"0",0
674,1e-04,"0",0
675,1e-04,"0",0
676,1e-04,"0",0
677,1e-04,"0",0
678,1e-04,"0",0
679,1e-04,"0",0
680,1e-04,"0",0
681,1e-04,"0",0
682,1e-04,"0",0
683,1e-04,"0",0
684,1e-04,"0",0
685,0.034987636662336,"0",0
686,1e-04,"0",0
687,1e-04,"0",0
688,1e-04,"0",0
689,0.000247804113466921,"0",0
690,1e-04,"0",0
691,1e-04,"0",0
692,1e-04,"0",0
693,1e-04,"0",0
694,1e-04,"0",0
695,0.996470910452775,"1",1
696,0.9999,"1",1
697,0.99943677421615,"1",1
698,0.000127163294402433,"0",0
699,1e-04,"0",0
700,1e-04,"0",0
701,1e-04,"0",0
702,1e-04,"0",0
703,1e-04,"0",0
704,1e-04,"0",0
705,0.000919130152131409,"0",0
706,0.000223197994125179,"0",0
707,1e-04,"0",0
708,1e-04,"0",0
709,1e-04,"0",0
710,1e-04,"0",0
711,1e-04,"0",0
712,0.000155355453249406,"0",0
713,0.000552620198791987,"0",0
714,1e-04,"0",0
715,1e-04,"0",0
716,1e-04,"0",0
717,1e-04,"0",0
718,1e-04,"0",0
719,0.00262252198538782,"0",0
720,1e-04,"0",0
721,1e-04,"0",0
722,0.00304896944394983,"0",0
723,1e-04,"0",0
724,0.00136306952058207,"0",0
725,1e-04,"0",0
726,0.000354712817539737,"0",0
727,1e-04,"0",0
728,1e-04,"0",0
729,0.999700912449132,"1",1
730,1e-04,"0",0
731,1e-04,"0",0
732,1e-04,"0",0
733,0.98086412292413,"1",1
734,1e-04,"0",0
735,1e-04,"0",0
736,1e-04,"0",0
737,1e-04,"0",0
738,0.0590000061303538,"0",0
739,1e-04,"0",0
740,0.9999,"1",1
741,1e-04,"0",0
742,1e-04,"0",0
743,1e-04,"0",0
744,0.0224849261408394,"0",0
745,1e-04,"0",0
746,1e-04,"0",0
747,1e-04,"0",0
748,0.999889842700182,"1",1
749,0.9999,"1",1
750,1e-04,"0",0
751,1e-04,"0",0
752,0.000548933177475286,"0",0
753,0.99394322466936,"1",1
754,1e-04,"0",0
755,0.00070442667895998,"0",0
756,1e-04,"0",0
757,0.0131092543729729,"0",0
758,1e-04,"0",0
759,0.000996959607246328,"0",0
760,1e-04,"0",0
761,0.000258536647171126,"0",0
762,1e-04,"0",0
763,0.000120466853474777,"0",0
764,1e-04,"0",0
765,0.000834434318335853,"0",0
766,0.9999,"1",1
767,1e-04,"0",0
768,1e-04,"0",0
769,0.000514976946901724,"0",0
770,1e-04,"0",0
771,1e-04,"0",0
772,0.00102749291227411,"0",0
773,1e-04,"0",0
774,1e-04,"0",0
775,1e-04,"0",0
776,1e-04,"0",0
777,0.99954746962542,"1",1
778,0.000228925254851187,"0",0
779,1e-04,"0",0
780,1e-04,"0",0
781,1e-04,"0",0
782,1e-04,"0",0
783,0.000203435203738445,"0",0
784,1e-04,"0",0
785,0.999740123829859,"1",1
786,1e-04,"0",0
787,0.999734001199668,"1",1
788,1e-04,"0",0
789,0.000194040941185469,"0",0
790,1e-04,"0",0
791,1e-04,"0",0
792,1e-04,"0",0
793,1e-04,"0",0
794,0.0232698238975394,"0",0
795,1e-04,"0",0
796,0.913051250363072,"1",1
797,1e-04,"0",0
798,1e-04,"0",0
799,1e-04,"0",0
800,1e-04,"0",0
801,1e-04,"0",0
802,1e-04,"0",0
803,1e-04,"0",0
804,0.000667271729679619,"0",0
805,1e-04,"0",0
806,1e-04,"0",0
807,1e-04,"0",0
808,0.000166692703032267,"0",0
809,1e-04,"0",0
810,1e-04,"0",0
811,1e-04,"0",0
812,0.00289823863584493,"0",0
813,0.0668682111959653,"0",0
814,0.000129000413874203,"0",0
815,0.00152887241772603,"0",0
816,0.9999,"1",1
817,1e-04,"0",0
818,1e-04,"0",0
819,0.9999,"1",1
820,1e-04,"0",0
821,0.000188378256521959,"0",0
822,1e-04,"0",0
823,1e-04,"0",0
824,0.993507150439223,"1",1
825,1e-04,"0",0
826,1e-04,"0",0
827,0.000184310490682793,"0",0
828,1e-04,"0",0
829,0.000373387105147782,"0",0
830,1e-04,"0",0
831,1e-04,"0",0
832,1e-04,"0",0
833,1e-04,"0",0
834,1e-04,"0",0
835,1e-04,"0",0
836,0.00120421491069689,"0",0
837,0.9999,"1",1
838,1e-04,"0",0
839,1e-04,"0",0
840,1e-04,"0",0
841,0.999552650724053,"1",1
842,0.998806404750351,"1",1
843,1e-04,"0",0
844,1e-04,"0",0
845,1e-04,"0",0
846,1e-04,"0",0
847,1e-04,"0",0
848,1e-04,"0",0
849,1e-04,"0",0
850,1e-04,"0",0
851,1e-04,"0",0
852,1e-04,"0",0
853,1e-04,"0",0
854,0.9999,"1",1
855,1e-04,"0",0
856,1e-04,"0",0
857,1e-04,"0",0
858,1e-04,"0",0
859,1e-04,"0",0
860,0.000108634488498516,"0",0
861,1e-04,"0",0
862,1e-04,"0",0
863,1e-04,"0",0
864,1e-04,"0",0
865,0.241179861433505,"0",1
866,0.9999,"1",1
867,0.000100261803142931,"0",0
868,1e-04,"0",0
869,0.00122316247122767,"0",0
870,1e-04,"0",0
871,0.9999,"1",1
872,0.00287259051151978,"0",0
873,1e-04,"0",0
874,0.000363893075035149,"0",0
875,0.9999,"1",1
876,0.999632087495628,"1",1
877,1e-04,"0",0
878,1e-04,"0",0
879,1e-04,"0",0
880,1e-04,"0",0
881,0.00048484104679869,"0",0
882,0.000115964286693693,"0",0
883,1e-04,"0",0
884,1e-04,"0",0
885,1e-04,"0",0
886,0.9999,"1",1
887,0.99976260766854,"1",1
888,1e-04,"0",0
889,1e-04,"0",0
890,1e-04,"0",0
891,1e-04,"0",0
892,0.000129964351631928,"0",0
893,1e-04,"0",0
894,0.000169781716049311,"0",0
895,0.000398051567167657,"0",0
896,0.000859930507246531,"0",0
897,1e-04,"0",0
898,1e-04,"0",0
899,0.9999,"1",1
900,1e-04,"0",0
901,0.000637888066516545,"0",0
902,1e-04,"0",0
903,1e-04,"0",0
904,1e-04,"0",0
905,0.000100794292193229,"0",0
906,1e-04,"0",0
907,1e-04,"0",0
908,1e-04,"0",0
909,1e-04,"0",0
910,0.000393106410298549,"0",0
911,1e-04,"0",0
912,1e-04,"0",0
913,1e-04,"0",0
914,1e-04,"0",0
915,0.996875861529227,"1",1
916,1e-04,"0",0
917,0.000353093188583231,"0",0
918,1e-04,"0",0
919,0.000101509011712575,"0",0
920,1e-04,"0",0
921,1e-04,"0",0
922,1e-04,"0",0
923,1e-04,"0",0
924,1e-04,"0",0
925,0.000128598910715816,"0",0
926,1e-04,"0",0
927,0.000223513888324089,"0",0
928,0.99981914367066,"1",1
929,1e-04,"0",0
930,0.000169442007244114,"0",0
931,1e-04,"0",0
932,1e-04,"0",0
933,0.00022305354909391,"0",0
934,1e-04,"0",0
935,1e-04,"0",0
936,1e-04,"0",0
937,1e-04,"0",0
938,1e-04,"0",0
939,1e-04,"0",0
940,1e-04,"0",0
941,0.00100332539216452,"0",0
942,1e-04,"0",0
943,1e-04,"0",0
944,1e-04,"0",0
945,0.00205841070804524,"0",0
946,1e-04,"0",0
947,1e-04,"0",0
948,0.9999,"1",1
949,1e-04,"0",0
950,0.936621755030982,"1",1
951,0.9999,"1",1
952,1e-04,"0",0
953,1e-04,"0",0
954,1e-04,"0",0
955,0.9999,"1",1
956,1e-04,"0",0
957,1e-04,"0",0
958,1e-04,"0",0
959,1e-04,"0",0
960,1e-04,"0",0
961,1e-04,"0",0
962,1e-04,"0",0
963,0.000298026971533472,"0",0
964,1e-04,"0",0
965,1e-04,"0",0
966,1e-04,"0",0
967,0.000124967647838758,"0",0
968,1e-04,"0",0
969,0.000117711280110511,"0",0
970,1e-04,"0",0
971,0.999758843323675,"1",1
972,1e-04,"0",0
973,0.999817778551535,"1",1
974,1e-04,"0",0
975,1e-04,"0",0
976,1e-04,"0",0
977,0.944362187518388,"1",1
978,0.000543498824332356,"0",0
979,1e-04,"0",0
980,1e-04,"0",0
981,1e-04,"0",0
982,1e-04,"0",0
983,1e-04,"0",0
984,1e-04,"0",0
985,1e-04,"0",0
986,0.000462014751853923,"0",0
987,1e-04,"0",0
988,1e-04,"0",0
989,0.9999,"1",1
990,0.994127348682022,"1",1
991,0.000152783885301266,"0",0
992,1e-04,"0",0
993,0.999845188435762,"1",1
994,0.000228896251129318,"0",0
995,1e-04,"0",0
996,1e-04,"0",0
997,1e-04,"0",0
998,1e-04,"0",0
999,1e-04,"0",0
1000,0.999823145316087,"1",1
1001,0.00011190651688775,"0",0
1002,1e-04,"0",0
1003,1e-04,"0",0
1004,0.000523702654431468,"0",0
1005,1e-04,"0",0
1006,1e-04,"0",0
1007,1e-04,"0",0
1008,1e-04,"0",0
1009,0.9999,"1",1
1010,1e-04,"0",0
1011,1e-04,"0",0
1012,1e-04,"0",0
1013,1e-04,"0",0
1014,1e-04,"0",0
1015,1e-04,"0",0
1016,1e-04,"0",0
1017,0.9999,"1",1
1018,1e-04,"0",0
1019,1e-04,"0",0
1020,1e-04,"0",0
1021,0.9999,"1",1
1022,0.000222050220284875,"0",0
1023,0.9999,"1",1
1024,1e-04,"0",0
1025,1e-04,"0",0
1026,1e-04,"0",0
1027,1e-04,"0",0
1028,1e-04,"0",0
1029,1e-04,"0",0
1030,1e-04,"0",0
1031,1e-04,"0",0
1032,0.9999,"1",1
1033,1e-04,"0",0
1034,1e-04,"0",0
1035,1e-04,"0",0
1036,1e-04,"0",0
1037,0.000370564702291798,"0",0
1038,1e-04,"0",0
1039,1e-04,"0",0
1040,0.000781437093107074,"0",0
1041,1e-04,"0",0
1042,1e-04,"0",0
1043,1e-04,"0",0
1044,1e-04,"0",0
1045,1e-04,"0",0
1046,1e-04,"0",0
1047,0.000108329442058186,"0",0
1048,1e-04,"0",0
1049,1e-04,"0",0
1050,1e-04,"0",0
1051,1e-04,"0",0
1052,0.00363703661478632,"0",0
1053,0.000217558655112082,"0",0
1054,1e-04,"0",0
1055,1e-04,"0",0
1056,0.00065419042301218,"0",0
1057,0.000156295341300128,"0",0
1058,1e-04,"0",0
1059,1e-04,"0",0
1060,1e-04,"0",0
1061,1e-04,"0",0
1062,1e-04,"0",0
1063,1e-04,"0",0
1064,1e-04,"0",0
1065,0.000433262834124593,"0",0
1066,0.000130594679024099,"0",0
1067,0.963911343540663,"1",1
1068,1e-04,"0",0
1069,0.98451021760277,"1",1
1070,1e-04,"0",0
1071,1e-04,"0",0
1072,1e-04,"0",0
1073,0.00961776062981989,"0",0
1074,1e-04,"0",0
1075,0.999247732591505,"1",1
1076,0.00233246250441965,"0",0
1077,0.9999,"1",1
1078,1e-04,"0",0
1079,1e-04,"0",0
1080,0.9999,"1",1
1081,0.949387625354488,"1",1
1082,1e-04,"0",0
1083,1e-04,"0",0
1084,0.879912775113303,"1",1
1085,1e-04,"0",0
1086,1e-04,"0",0
1087,1e-04,"0",0
1088,0.000533512537424841,"0",0
1089,1e-04,"0",0
1090,1e-04,"0",0
1091,1e-04,"0",0
1092,1e-04,"0",0
1093,0.9999,"1",1
1094,1e-04,"0",0
1095,0.000342682260077054,"0",0
1096,1e-04,"0",0
1097,1e-04,"0",0
1098,1e-04,"0",0
1099,0.000193245404441988,"0",0
1100,1e-04,"0",0
1101,1e-04,"0",0
1102,1e-04,"0",0
1103,1e-04,"0",0
1104,0.000108959497001404,"0",0
1105,1e-04,"0",0
1106,1e-04,"0",0
1107,1e-04,"0",0
1108,1e-04,"0",0
1109,1e-04,"0",0
1110,0.9999,"1",1
1111,1e-04,"0",0
1112,0.00016920556179767,"0",0
1113,0.9999,"1",1
1114,1e-04,"0",0
1115,0.0130185126218573,"0",0
1116,0.000230057184101518,"0",0
1117,0.000432582841003004,"0",0
1118,1e-04,"0",0
1119,1e-04,"0",0
1120,0.999734171685958,"1",1
1121,0.9999,"1",1
1122,1e-04,"0",0
1123,1e-04,"0",0
1124,1e-04,"0",0
1125,1e-04,"0",0
1126,0.000221395325724516,"0",0
1127,1e-04,"0",0
1128,0.00109889491481963,"0",0
1129,1e-04,"0",0
1130,1e-04,"0",0
1131,1e-04,"0",0
1132,1e-04,"0",0
1133,1e-04,"0",0
1134,1e-04,"0",0
1135,1e-04,"0",0
1136,1e-04,"0",0
1137,1e-04,"0",0
1138,1e-04,"0",0
1139,1e-04,"0",0
1140,1e-04,"0",0
1141,1e-04,"0",0
1142,1e-04,"0",0
1143,1e-04,"0",0
1144,1e-04,"0",0
1145,0.999324828755846,"1",1
1146,1e-04,"0",0
1147,1e-04,"0",0
1148,1e-04,"0",0
1149,1e-04,"0",0
1150,1e-04,"0",0
1151,1e-04,"0",0
1152,1e-04,"0",0
1153,1e-04,"0",0
1154,1e-04,"0",0
1155,1e-04,"0",0
1156,1e-04,"0",0
1157,1e-04,"0",0
1158,0.00046526446976547,"0",0
1159,1e-04,"0",0
1160,1e-04,"0",0
1161,1e-04,"0",0
1162,0.000118689761889224,"0",0
1163,0.997372549329726,"1",1
1164,1e-04,"0",0
1165,1e-04,"0",0
1166,1e-04,"0",0
1167,0.9999,"1",1
1168,1e-04,"0",0
1169,1e-04,"0",0
1170,0.000425564185560945,"0",0
1171,1e-04,"0",0
1172,1e-04,"0",0
1173,1e-04,"0",0
1174,1e-04,"0",0
1175,1e-04,"0",0
1176,0.9999,"1",1
1177,1e-04,"0",0
1178,1e-04,"0",0
1179,1e-04,"0",0
1180,0.9999,"1",1
1181,1e-04,"0",0
1182,1e-04,"0",0
1183,0.00014996168832615,"0",0
1184,1e-04,"0",0
1185,0.000919691445811721,"0",0
1186,0.00197304149997657,"0",0
1187,1e-04,"0",0
1188,0.999532626645012,"1",1
1189,1e-04,"0",0
1190,1e-04,"0",0
1191,1e-04,"0",0
1192,1e-04,"0",0
1193,1e-04,"0",0
1194,1e-04,"0",0
1195,1e-04,"0",0
1196,1e-04,"0",0
1197,1e-04,"0",0
1198,0.000409947133015565,"0",0
1199,1e-04,"0",0
1200,1e-04,"0",0
1201,1e-04,"0",0
1202,1e-04,"0",0
1203,1e-04,"0",0
1204,1e-04,"0",0
1205,1e-04,"0",0
1206,0.9999,"1",1
1207,1e-04,"0",0
1208,1e-04,"0",0
1209,0.999885996099056,"1",1
1210,0.0019567053764914,"0",0
1211,1e-04,"0",0
1212,1e-04,"0",0
1213,0.00029695911770955,"0",0
1214,1e-04,"0",0
1215,0.9999,"1",1
1216,1e-04,"0",0
1217,1e-04,"0",0
1218,0.999823594804537,"1",1
1219,1e-04,"0",0
1220,1e-04,"0",0
1221,1e-04,"0",0
1222,0.000334421845125998,"0",0
1223,1e-04,"0",0
1224,1e-04,"0",0
1225,1e-04,"0",0
1226,1e-04,"0",0
1227,1e-04,"0",0
1228,1e-04,"0",0
1229,0.999775827492366,"1",1
1230,1e-04,"0",0
1231,0.9999,"1",1
1232,1e-04,"0",0
1233,1e-04,"0",0
1234,1e-04,"0",0
1235,1e-04,"0",0
1236,0.9999,"1",1
1237,1e-04,"0",0
1238,0.000294135172062671,"0",0
1239,1e-04,"0",0
1240,0.9999,"1",1
1241,0.179621978200605,"0",0
1242,0.000224819965177314,"0",0
1243,0.000501425190574945,"0",0
1244,1e-04,"0",0
1245,0.00109158370647344,"0",0
1246,1e-04,"0",0
1247,1e-04,"0",0
1248,1e-04,"0",0
1249,1e-04,"0",0
1250,1e-04,"0",0
1251,1e-04,"0",0
1252,0.000105162458357233,"0",0
1253,1e-04,"0",0
1254,1e-04,"0",0
1255,1e-04,"0",0
1256,1e-04,"0",0
1257,1e-04,"0",0
1258,1e-04,"0",0
1259,1e-04,"0",0
1260,0.998881438862298,"1",1
1261,1e-04,"0",0
1262,0.9999,"1",1
1263,1e-04,"0",0
1264,1e-04,"0",0
1265,1e-04,"0",0
1266,1e-04,"0",0
1267,1e-04,"0",0
1268,1e-04,"0",0
1269,1e-04,"0",0
1270,1e-04,"0",0
1271,1e-04,"0",0
1272,0.000124029109938251,"0",0
1273,0.000447187062610155,"0",0
1274,1e-04,"0",0
1275,0.000245983482895618,"0",0
1276,1e-04,"0",0
1277,1e-04,"0",0
1278,1e-04,"0",0
1279,1e-04,"0",0
1280,1e-04,"0",0
1281,0.000154307465827785,"0",0
1282,1e-04,"0",0
1283,1e-04,"0",0
1284,1e-04,"0",0
1285,1e-04,"0",0
1286,1e-04,"0",0
1287,1e-04,"0",0
1288,0.000123055707784148,"0",0
1289,1e-04,"0",0
1290,1e-04,"0",0
1291,1e-04,"0",0
1292,0.00023419868800223,"0",0
1293,0.000496044992222999,"0",0
1294,1e-04,"0",0
1295,0.000764117227391226,"0",0
1296,1e-04,"0",0
1297,0.000244591536514682,"0",0
1298,1e-04,"0",0
1299,1e-04,"0",0
1300,1e-04,"0",0
1301,1e-04,"0",0
1302,0.000677495184295496,"0",0
1303,1e-04,"0",0
1304,1e-04,"0",0
1305,1e-04,"0",0
1306,1e-04,"0",0
1307,1e-04,"0",0
1308,0.000180396079522138,"0",0
1309,1e-04,"0",0
1310,1e-04,"0",0
1311,1e-04,"0",0
1312,1e-04,"0",0
1313,1e-04,"0",0
1314,1e-04,"0",0
1315,1e-04,"0",0
1316,1e-04,"0",0
1317,0.000116928369340408,"0",0
1318,0.000134268467427479,"0",0
1319,1e-04,"0",0
1320,1e-04,"0",0
1321,1e-04,"0",0
1322,1e-04,"0",0
1323,1e-04,"0",0
1324,1e-04,"0",0
1325,1e-04,"0",0
1326,1e-04,"0",0
1327,1e-04,"0",0
1328,1e-04,"0",0
1329,1e-04,"0",0
1330,1e-04,"0",0
1331,1e-04,"0",0
1332,1e-04,"0",0
1333,0.00551038580024821,"0",0
1334,0.00174006240548985,"0",0
1335,1e-04,"0",0
1336,1e-04,"0",0
1337,1e-04,"0",0
1338,1e-04,"0",0
1339,1e-04,"0",0
1340,1e-04,"0",0
1341,0.000260521353110832,"0",0
1342,1e-04,"0",0
1343,1e-04,"0",0
1344,1e-04,"0",0
1345,1e-04,"0",0
1346,0.9999,"1",1
1347,1e-04,"0",0
1348,1e-04,"0",0
1349,1e-04,"0",0
1350,0.000171443399339388,"0",0
1351,1e-04,"0",0
1352,0.0010015700086754,"0",0
1353,0.00112611543144281,"0",0
1354,1e-04,"0",0
1355,1e-04,"0",0
1356,0.999681448237457,"1",1
1357,0.000425495818196175,"0",0
1358,1e-04,"0",0
1359,0.000180101543046263,"0",0
1360,0.9999,"1",1
1361,0.000303866852830015,"0",0
1362,1e-04,"0",0
1363,1e-04,"0",0
1364,1e-04,"0",0
1365,0.000106418104734995,"0",0
1366,1e-04,"0",0
1367,1e-04,"0",0
1368,0.9999,"1",1
1369,0.935746670720083,"1",1
1370,1e-04,"0",0
1371,1e-04,"0",0
1372,1e-04,"0",0
1373,1e-04,"0",0
1374,0.9999,"1",1
1375,0.000244673775287807,"0",0
1376,1e-04,"0",0
1377,0.000817680859200531,"0",0
1378,1e-04,"0",0
1379,0.999837850654476,"1",1
1380,0.01642200307013,"0",0
1381,1e-04,"0",0
1382,0.0282572593810725,"0",0
1383,0.9999,"1",1
1384,0.00268836605736078,"0",0
1385,1e-04,"0",0
1386,1e-04,"0",0
1387,1e-04,"0",0
1388,1e-04,"0",0
1389,0.00129890963732515,"0",0
1390,1e-04,"0",0
1391,1e-04,"0",0
1392,1e-04,"0",0
1393,0.999832667934638,"1",1
1394,0.000167453033033893,"0",0
1395,0.999680153781149,"1",1
1396,0.000405090361278337,"0",0
1397,0.000129322561351231,"0",0
1398,1e-04,"0",0
1399,0.000232812054153153,"0",0
1400,1e-04,"0",0
1401,1e-04,"0",0
1402,1e-04,"0",0
1403,1e-04,"0",0
1404,1e-04,"0",0
1405,1e-04,"0",0
1406,0.000229460773353285,"0",0
1407,1e-04,"0",0
1408,1e-04,"0",0
1409,1e-04,"0",0
1410,1e-04,"0",0
1411,1e-04,"0",0
1412,0.9999,"1",1
1413,0.00219242964854238,"0",0
1414,1e-04,"0",0
1415,1e-04,"0",0
1416,1e-04,"0",0
1417,1e-04,"0",0
1418,1e-04,"0",0
1419,1e-04,"0",0
1420,1e-04,"0",0
1421,0.000142783205283603,"0",0
1422,0.9999,"1",1
1423,1e-04,"0",0
1424,1e-04,"0",0
1425,1e-04,"0",0
1426,1e-04,"0",0
1427,1e-04,"0",0
1428,1e-04,"0",0
1429,1e-04,"0",0
1430,0.000571818701371796,"0",0
1431,0.9999,"1",1
1432,0.9999,"1",1
1433,0.000550623833701192,"0",0
1434,1e-04,"0",0
1435,0.000222936624712733,"0",0
1436,1e-04,"0",0
1437,1e-04,"0",0
1438,1e-04,"0",0
1439,1e-04,"0",0
1440,1e-04,"0",0
1441,1e-04,"0",0
1442,1e-04,"0",0
1443,0.9999,"1",1
1444,1e-04,"0",0
1445,1e-04,"0",0
1446,1e-04,"0",0
1447,1e-04,"0",0
1448,1e-04,"0",0
1449,1e-04,"0",0
1450,1e-04,"0",0
1451,0.000349352456429974,"0",0
1452,1e-04,"0",0
1453,0.000122942789953728,"0",0
1454,1e-04,"0",0
1455,1e-04,"0",0
1456,0.0055925604722572,"0",0
1457,1e-04,"0",0
1458,0.963976076386098,"1",1
1459,0.0948492926598312,"0",0
1460,1e-04,"0",0
1461,0.000231626667186347,"0",0
1462,0.990118969041469,"1",1
1463,0.000105067023718375,"0",0
1464,1e-04,"0",0
1465,0.999825142250526,"1",1
1466,1e-04,"0",0
1467,0.9999,"1",1
1468,1e-04,"0",0
1469,1e-04,"0",0
1470,0.000143793912311674,"0",0
1471,1e-04,"0",0
1472,1e-04,"0",0
1473,0.000811437069363707,"0",0
1474,1e-04,"0",0
1475,1e-04,"0",0
1476,0.000356234321090443,"0",0
1477,1e-04,"0",0
1478,1e-04,"0",0
1479,1e-04,"0",0
1480,1e-04,"0",0
1481,1e-04,"0",0
1482,1e-04,"0",0
1483,0.000163636567000136,"0",0
1484,1e-04,"0",0
1485,0.000129144240804902,"0",0
1486,0.000664103434645846,"0",0
1487,1e-04,"0",0
1488,1e-04,"0",0
1489,0.365892074317052,"0",1
1490,1e-04,"0",0
1491,1e-04,"0",0
1492,1e-04,"0",0
1493,0.0283026428664234,"0",0
1494,1e-04,"0",0
1495,0.999815082579587,"1",1
1496,1e-04,"0",0
1497,1e-04,"0",0
1498,1e-04,"0",0
1499,1e-04,"0",0
1500,0.998262742893306,"1",1
1501,1e-04,"0",0
1502,1e-04,"0",0
1503,1e-04,"0",0
1504,1e-04,"0",0
1505,0.000157844949288721,"0",0
1506,1e-04,"0",0
1507,1e-04,"0",0
1508,1e-04,"0",0
1509,1e-04,"0",0
1510,1e-04,"0",0
1511,1e-04,"0",0
1512,1e-04,"0",0
1513,1e-04,"0",0
1514,1e-04,"0",0
1515,1e-04,"0",0
1516,1e-04,"0",0
1517,0.000307260511802854,"0",0
1518,1e-04,"0",0
1519,0.0288814543064456,"0",0
1520,1e-04,"0",0
1521,1e-04,"0",0
1522,0.00692805655334017,"0",0
1523,1e-04,"0",0
1524,0.00249787349534203,"0",0
1525,1e-04,"0",0
1526,1e-04,"0",0
1527,1e-04,"0",0
1528,1e-04,"0",0
1529,0.00108227242443371,"0",0
1530,1e-04,"0",0
1531,1e-04,"0",0
1532,1e-04,"0",0
1533,1e-04,"0",0
1534,1e-04,"0",0
1535,1e-04,"0",0
1536,1e-04,"0",0
1537,1e-04,"0",0
1538,0.000219344644843855,"0",0
1539,0.00118052728097706,"0",0
1540,1e-04,"0",0
1541,0.000164649667578787,"0",0
1542,0.000239059167967626,"0",0
1543,1e-04,"0",0
1544,1e-04,"0",0
1545,0.000128827758671846,"0",0
1546,1e-04,"0",0
1547,1e-04,"0",0
1548,1e-04,"0",0
1549,1e-04,"0",0
1550,1e-04,"0",0
1551,0.000331312450632892,"0",0
1552,1e-04,"0",0
1553,1e-04,"0",0
1554,1e-04,"0",0
1555,0.000561099581158131,"0",0
1556,0.000102965036467562,"0",0
1557,0.000217477489533713,"0",0
1558,0.000137853931653109,"0",0
1559,1e-04,"0",0
1560,1e-04,"0",0
1561,1e-04,"0",0
1562,1e-04,"0",0
1563,1e-04,"0",0
1564,1e-04,"0",0
1565,1e-04,"0",0
1566,1e-04,"0",0
1567,1e-04,"0",0
1568,1e-04,"0",0
1569,1e-04,"0",0
1570,0.000145847003816479,"0",0
1571,1e-04,"0",0
1572,1e-04,"0",0
1573,1e-04,"0",0
1574,1e-04,"0",0
1575,0.000377486084247924,"0",0
1576,0.000684100245894714,"0",0
1577,1e-04,"0",0
1578,1e-04,"0",0
1579,1e-04,"0",0
1580,1e-04,"0",0
1581,0.000441178654805641,"0",0
1582,1e-04,"0",0
1583,1e-04,"0",0
1584,1e-04,"0",0
1585,0.000403430707829333,"0",0
1586,1e-04,"0",0
1587,1e-04,"0",0
1588,1e-04,"0",0
1589,1e-04,"0",0
1590,0.00147697724916873,"0",0
1591,1e-04,"0",0
1592,0.00116638453295259,"0",0
1593,1e-04,"0",0
1594,1e-04,"0",0
1595,0.000545945058034403,"0",0
1596,1e-04,"0",0
1597,1e-04,"0",0
1598,1e-04,"0",0
1599,1e-04,"0",0
1600,1e-04,"0",0
1601,0.000388919099653995,"0",0
1602,1e-04,"0",0
1603,0.9999,"1",1
1604,1e-04,"0",0
1605,0.147718091853297,"0",1
1606,0.000556049087761079,"0",0
1607,0.000365049742898083,"0",0
1608,1e-04,"0",0
1609,0.999521733733148,"1",1
1610,1e-04,"0",0
1611,1e-04,"0",0
1612,1e-04,"0",0
1613,1e-04,"0",0
1614,0.000262436672231803,"0",0
1615,1e-04,"0",0
1616,1e-04,"0",0
1617,1e-04,"0",0
1618,0.00367144977467349,"0",0
1619,0.00063477577043547,"0",0
1620,0.998096144609275,"1",1
1621,1e-04,"0",0
1622,1e-04,"0",0
1623,1e-04,"0",0
1624,0.9999,"1",1
1625,1e-04,"0",0
1626,1e-04,"0",0
1627,1e-04,"0",0
1628,1e-04,"0",0
1629,1e-04,"0",0
1630,0.000240782984750942,"0",0
1631,0.9999,"1",1
1632,1e-04,"0",0
1633,0.998568458535073,"1",1
1634,1e-04,"0",0
1635,1e-04,"0",0
1636,1e-04,"0",0
1637,0.9999,"1",1
1638,0.9999,"1",1
1639,1e-04,"0",0
1640,1e-04,"0",0
1641,1e-04,"0",0
1642,1e-04,"0",0
1643,1e-04,"0",0
1644,1e-04,"0",0
1645,0.00386107834792548,"0",0
1646,0.9999,"1",1
1647,0.000125897084207849,"0",0
1648,0.000412734478236088,"0",0
1649,1e-04,"0",0
1650,0.000513861016304573,"0",0
1651,1e-04,"0",0
1652,1e-04,"0",0
1653,0.999853653739112,"1",1
1654,1e-04,"0",0
1655,1e-04,"0",0
1656,0.000113232175551925,"0",0
1657,0.9999,"1",1
1658,1e-04,"0",0
1659,0.00100307514882458,"0",0
1660,1e-04,"0",0
1661,0.00010706120037185,"0",0
1662,0.9999,"1",1
1663,1e-04,"0",0
1664,0.9999,"1",1
1665,1e-04,"0",0
1666,1e-04,"0",0
1667,1e-04,"0",0
1668,1e-04,"0",0
1669,0.9999,"1",1
1670,0.000215035848459277,"0",0
1671,0.9999,"1",1
1672,1e-04,"0",0
1673,0.999848803859564,"1",1
1674,0.9999,"1",1
1675,1e-04,"0",0
1676,1e-04,"0",0
1677,1e-04,"0",0
1678,1e-04,"0",0
1679,1e-04,"0",0
1680,0.000238275493410045,"0",0
1681,0.994527433853419,"1",1
1682,0.000100305356407704,"0",0
1683,1e-04,"0",0
1684,0.000525696442111645,"0",0
1685,1e-04,"0",0
1686,0.000308475804269626,"0",0
1687,1e-04,"0",0
1688,0.998160487680114,"1",1
1689,1e-04,"0",0
1690,1e-04,"0",0
1691,0.000198941436844291,"0",0
1692,1e-04,"0",0
1693,1e-04,"0",0
1694,1e-04,"0",0
1695,0.00208098053293304,"0",0
1696,0.000215268870847662,"0",0
1697,1e-04,"0",0
1698,1e-04,"0",0
1699,1e-04,"0",0
1700,0.9999,"1",1
1701,1e-04,"0",0
1702,0.000212859340124938,"0",0
1703,1e-04,"0",0
1704,1e-04,"0",0
1705,1e-04,"0",0
1706,0.926177513392119,"1",1
1707,1e-04,"0",0
1708,1e-04,"0",0
1709,1e-04,"0",0
1710,1e-04,"0",0
1711,0.999839296094147,"1",1
1712,1e-04,"0",0
1713,1e-04,"0",0
1714,0.999794317000995,"1",1
1715,1e-04,"0",0
1716,1e-04,"0",0
1717,1e-04,"0",0
1718,1e-04,"0",0
1719,1e-04,"0",0
1720,1e-04,"0",0
1721,1e-04,"0",0
1722,1e-04,"0",0
1723,1e-04,"0",0
1724,0.9999,"1",1
1725,1e-04,"0",0
1726,0.00078381834131358,"0",0
1727,1e-04,"0",0
1728,1e-04,"0",0
1729,1e-04,"0",0
1730,1e-04,"0",0
1731,1e-04,"0",0
1732,1e-04,"0",0
1733,1e-04,"0",0
1734,1e-04,"0",0
1735,0.9999,"1",1
1736,1e-04,"0",0
1737,1e-04,"0",0
1738,0.00031834918567164,"0",0
1739,1e-04,"0",0
1740,0.00318993227979336,"0",0
1741,0.00263313749788885,"0",0
1742,1e-04,"0",0
1743,1e-04,"0",0
1744,1e-04,"0",0
1745,1e-04,"0",0
1746,1e-04,"0",0
1747,1e-04,"0",0
1748,1e-04,"0",0
1749,0.9958357969258,"1",1
1750,1e-04,"0",0
1751,1e-04,"0",0
1752,0.00220555609969864,"0",0
1753,1e-04,"0",0
1754,1e-04,"0",0
1755,1e-04,"0",0
1756,1e-04,"0",0
1757,1e-04,"0",0
1758,0.997657500810913,"1",1
1759,0.999773381546771,"1",1
1760,1e-04,"0",0
1761,1e-04,"0",0
1762,0.000126996823070824,"0",0
1763,1e-04,"0",0
1764,1e-04,"0",0
1765,1e-04,"0",0
1766,0.000150904514210959,"0",0
1767,1e-04,"0",0
1768,1e-04,"0",0
1769,1e-04,"0",0
1770,1e-04,"0",0
1771,0.000106467579550462,"0",0
1772,1e-04,"0",0
1773,0.000644617261319702,"0",0
1774,1e-04,"0",0
1775,0.00036561327778728,"0",0
1776,0.9999,"1",1
1777,1e-04,"0",0
1778,0.997767889448344,"1",1
1779,1e-04,"0",0
1780,1e-04,"0",0
1781,1e-04,"0",0
1782,0.9999,"1",1
1783,1e-04,"0",0
1784,1e-04,"0",0
1785,1e-04,"0",0
1786,0.9999,"1",1
1787,1e-04,"0",0
1788,1e-04,"0",0
1789,1e-04,"0",0
1790,0.9999,"1",1
1791,1e-04,"0",0
1792,0.999830083466608,"1",1
1793,1e-04,"0",0
1794,1e-04,"0",0
1795,1e-04,"0",0
1796,0.00098658540461849,"0",0
1797,1e-04,"0",0
1798,1e-04,"0",0
1799,1e-04,"0",0
1800,1e-04,"0",0
1801,0.000397207333947658,"0",0
1802,1e-04,"0",0
1803,1e-04,"0",0
1804,1e-04,"0",0
1805,1e-04,"0",0
1806,0.00150922937277109,"0",0
1807,1e-04,"0",0
1808,1e-04,"0",0
1809,1e-04,"0",0
1810,0.9999,"1",1
1811,1e-04,"0",0
1812,1e-04,"0",0
1813,0.000518191451103767,"0",0
1814,1e-04,"0",0
1815,0.998891847279079,"1",1
1816,1e-04,"0",0
1817,1e-04,"0",0
1818,0.00112458189099884,"0",0
1819,0.9999,"1",1
1820,1e-04,"0",0
1821,0.000517247212790006,"0",0
1822,1e-04,"0",0
1823,1e-04,"0",0
1824,0.0098201857806608,"0",0
1825,1e-04,"0",0
1826,1e-04,"0",0
1827,1e-04,"0",0
1828,0.000417786892254024,"0",0
1829,0.967531098209021,"1",1
1830,1e-04,"0",0
1831,0.000103047786326527,"0",0
1832,1e-04,"0",0
1833,1e-04,"0",0
1834,0.00669984906019849,"0",0
1835,1e-04,"0",0
1836,1e-04,"0",0
1837,1e-04,"0",0
1838,0.000124084331686203,"0",0
1839,0.994144137369166,"1",1
1840,0.000161029777611676,"0",0
1841,0.0819411412916643,"0",0
1842,1e-04,"0",0
1843,0.00016816360343741,"0",0
1844,1e-04,"0",0
1845,0.00481228569959724,"0",0
1846,1e-04,"0",0
1847,1e-04,"0",0
1848,0.000362117448882815,"0",0
1849,1e-04,"0",0
1850,1e-04,"0",0
1851,0.999881830927035,"1",1
1852,1e-04,"0",0
1853,1e-04,"0",0
1854,1e-04,"0",0
1855,1e-04,"0",0
1856,1e-04,"0",0
1857,0.000113404329674216,"0",0
1858,1e-04,"0",0
1859,1e-04,"0",0
1860,1e-04,"0",0
1861,0.000164602589986296,"0",0
1862,1e-04,"0",0
1863,1e-04,"0",0
1864,1e-04,"0",0
1865,1e-04,"0",0
1866,1e-04,"0",0
1867,1e-04,"0",0
1868,0.00036292519584491,"0",0
1869,0.000111087459785608,"0",0
1870,1e-04,"0",0
1871,0.101006059904192,"0",0
1872,1e-04,"0",0
1873,0.0125294925675294,"0",0
1874,1e-04,"0",0
1875,0.000110898486100464,"0",0
1876,1e-04,"0",0
1877,1e-04,"0",0
1878,1e-04,"0",0
1879,1e-04,"0",0
1880,1e-04,"0",0
1881,0.00011431313710264,"0",0
1882,0.9999,"1",1
1883,1e-04,"0",0
1884,1e-04,"0",0
1885,0.999731542837838,"1",1
1886,1e-04,"0",0
1887,1e-04,"0",0
1888,1e-04,"0",0
1889,1e-04,"0",0
1890,1e-04,"0",0
1891,1e-04,"0",0
1892,1e-04,"0",0
1893,1e-04,"0",0
1894,1e-04,"0",0
1895,0.000137941766115035,"0",0
1896,1e-04,"0",0
1897,0.000467741611882344,"0",0
1898,1e-04,"0",0
1899,0.999104796911402,"1",1
1900,1e-04,"0",0
1901,0.9999,"1",1
1902,1e-04,"0",0
1903,1e-04,"0",0
1904,0.000844664532278161,"0",0
1905,0.00183488561819867,"0",0
1906,1e-04,"0",0
1907,0.000672528641114001,"0",0
1908,1e-04,"0",0
1909,1e-04,"0",0
1910,1e-04,"0",0
1911,0.00468034233051662,"0",0
1912,0.0010382237827018,"0",0
1913,1e-04,"0",0
1914,0.000913165726732168,"0",0
1915,1e-04,"0",0
1916,0.000100749136988099,"0",0
1917,1e-04,"0",0
1918,1e-04,"0",0
1919,1e-04,"0",0
1920,1e-04,"0",0
1921,1e-04,"0",0
1922,1e-04,"0",0
1923,1e-04,"0",0
1924,1e-04,"0",0
1925,0.999851127174774,"1",1
1926,1e-04,"0",0
1927,1e-04,"0",0
1928,0.872037536897087,"1",1
1929,0.997729515427217,"1",1
1930,1e-04,"0",0
1931,1e-04,"0",0
1932,0.9999,"1",1
1933,1e-04,"0",0
1934,1e-04,"0",0
1935,1e-04,"0",0
1936,0.00248837726290341,"0",0
1937,1e-04,"0",0
1938,1e-04,"0",0
1939,1e-04,"0",0
1940,1e-04,"0",0
1941,1e-04,"0",0
1942,0.999773805912119,"1",1
1943,1e-04,"0",0
1944,1e-04,"0",0
1945,1e-04,"0",0
1946,1e-04,"0",0
1947,1e-04,"0",0
1948,0.000704526880830558,"0",0
1949,1e-04,"0",0
1950,0.999899463486079,"1",1
1951,1e-04,"0",0
1952,0.998277252486311,"1",1
1953,0.00124652706892747,"0",0
1954,0.9999,"1",1
1955,1e-04,"0",0
1956,1e-04,"0",0
1957,1e-04,"0",0
1958,0.000153094041599799,"0",0
1959,1e-04,"0",0
1960,0.000259551910276268,"0",0
1961,0.000486838298121017,"0",0
1962,1e-04,"0",0
1963,1e-04,"0",0
1964,1e-04,"0",0
1965,0.999416726421283,"1",1
1966,1e-04,"0",0
1967,1e-04,"0",0
1968,0.9999,"1",1
1969,0.9999,"1",1
1970,0.000536938737519699,"0",0
1971,0.000132212338753268,"0",0
1972,1e-04,"0",0
1973,1e-04,"0",0
1974,0.9999,"1",1
1975,1e-04,"0",0
1976,1e-04,"0",0
1977,1e-04,"0",0
1978,1e-04,"0",0
1979,1e-04,"0",0
1980,1e-04,"0",0
1981,1e-04,"0",0
1982,1e-04,"0",0
1983,1e-04,"0",0
1984,1e-04,"0",0
1985,1e-04,"0",0
1986,1e-04,"0",0
1987,1e-04,"0",0
1988,0.990515365391972,"1",1
1989,1e-04,"0",0
1990,1e-04,"0",0
1991,1e-04,"0",0
1992,1e-04,"0",0
1993,1e-04,"0",0
1994,1e-04,"0",0
1995,1e-04,"0",0
1996,1e-04,"0",0
1997,1e-04,"0",0
1998,1e-04,"0",0
1999,0.000600316295757297,"0",0
2000,1e-04,"0",0
2001,1e-04,"0",0
2002,0.9999,"1",1
2003,1e-04,"0",0
2004,0.97800410223173,"1",1
2005,1e-04,"0",0
2006,1e-04,"0",0
2007,1e-04,"0",0
2008,1e-04,"0",0
2009,1e-04,"0",0
2010,1e-04,"0",0
2011,1e-04,"0",0
2012,0.00013234499812953,"0",0
2013,1e-04,"0",0
2014,0.000772518205011008,"0",0
2015,0.9999,"1",1
2016,0.000260084226769042,"0",0
2017,1e-04,"0",0
2018,1e-04,"0",0
2019,1e-04,"0",0
2020,1e-04,"0",0
2021,0.998388297813003,"1",1
2022,0.000524081075997662,"0",0
2023,0.00411202106967101,"0",0
2024,1e-04,"0",0
2025,1e-04,"0",0
2026,1e-04,"0",0
2027,1e-04,"0",0
2028,1e-04,"0",0
2029,0.9999,"1",1
2030,1e-04,"0",0
2031,0.000368513344419452,"0",0
2032,1e-04,"0",0
2033,1e-04,"0",0
2034,1e-04,"0",0
2035,1e-04,"0",0
2036,0.000271352743745346,"0",0
2037,1e-04,"0",0
2038,1e-04,"0",0
2039,1e-04,"0",0
2040,0.00048225615673414,"0",0
2041,0.999870097242278,"1",1
2042,0.0007953354500847,"0",0
2043,1e-04,"0",0
2044,1e-04,"0",0
2045,0.9999,"1",1
2046,1e-04,"0",0
2047,1e-04,"0",0
2048,1e-04,"0",0
2049,1e-04,"0",0
2050,1e-04,"0",0
2051,0.00013928846558009,"0",0
2052,0.000210923799452312,"0",0
2053,1e-04,"0",0
2054,1e-04,"0",0
2055,0.9999,"1",1
2056,1e-04,"0",0
2057,0.000933098036728364,"0",0
2058,1e-04,"0",0
2059,0.000353908751751675,"0",0
2060,1e-04,"0",0
2061,1e-04,"0",0
2062,1e-04,"0",0
2063,1e-04,"0",0
2064,0.000804183577214235,"0",0
2065,1e-04,"0",0
2066,0.000130620156175265,"0",0
2067,1e-04,"0",0
2068,0.000305758699116421,"0",0
2069,1e-04,"0",0
2070,1e-04,"0",0
2071,1e-04,"0",0
2072,0.985175470662834,"1",1
2073,1e-04,"0",0
2074,0.9999,"1",1
2075,1e-04,"0",0
2076,1e-04,"0",0
2077,1e-04,"0",0
2078,0.000321022485609501,"0",0
2079,0.000105949536236438,"0",0
2080,1e-04,"0",0
2081,1e-04,"0",0
2082,0.968808219927575,"1",1
2083,1e-04,"0",0
2084,1e-04,"0",0
2085,0.988128897784375,"1",1
2086,1e-04,"0",0
2087,1e-04,"0",0
2088,1e-04,"0",0
2089,1e-04,"0",0
2090,1e-04,"0",0
2091,1e-04,"0",0
2092,1e-04,"0",0
2093,1e-04,"0",0
2094,1e-04,"0",0
2095,1e-04,"0",0
2096,1e-04,"0",0
2097,0.000149499804471209,"0",0
2098,0.000702442255880342,"0",0
2099,1e-04,"0",0
2100,1e-04,"0",0
2101,0.000403931166593097,"0",0
2102,1e-04,"0",0
2103,1e-04,"0",0
2104,0.999310472862751,"1",1
2105,1e-04,"0",0
2106,1e-04,"0",0
2107,1e-04,"0",0
2108,1e-04,"0",0
2109,1e-04,"0",0
2110,1e-04,"0",0
2111,1e-04,"0",0
2112,1e-04,"0",0
2113,1e-04,"0",0
2114,1e-04,"0",0
2115,0.000380176366098106,"0",0
2116,1e-04,"0",0
2117,1e-04,"0",0
2118,0.000133115751906998,"0",0
2119,0.000292360293657201,"0",0
2120,0.000184194366687374,"0",0
2121,0.00309222735219439,"0",0
2122,1e-04,"0",0
2123,1e-04,"0",0
2124,1e-04,"0",0
2125,1e-04,"0",0
2126,1e-04,"0",0
2127,0.9999,"1",1
2128,0.00016186677278851,"0",0
2129,0.0935536175415685,"0",0
2130,0.000167812775573872,"0",0
2131,1e-04,"0",0
2132,1e-04,"0",0
2133,0.995932169476669,"1",1
2134,0.00844479149546662,"0",0
2135,1e-04,"0",0
2136,0.000156440692441695,"0",0
2137,0.00213104939831088,"0",0
2138,0.000959444829849443,"0",0
2139,0.9999,"1",1
2140,0.00293353155230391,"0",0
2141,1e-04,"0",0
2142,0.000352695474910125,"0",0
2143,1e-04,"0",0
2144,1e-04,"0",0
2145,0.000513376777750874,"0",0
2146,1e-04,"0",0
2147,1e-04,"0",0
2148,1e-04,"0",0
2149,0.000350619336630609,"0",0
2150,0.951601698273815,"1",1
2151,0.999861235780341,"1",1
2152,0.9999,"1",1
2153,0.000194556807382451,"0",0
2154,1e-04,"0",0
2155,1e-04,"0",0
2156,0.9999,"1",1
2157,1e-04,"0",0
2158,1e-04,"0",0
2159,1e-04,"0",0
2160,1e-04,"0",0
2161,1e-04,"0",0
2162,0.9999,"1",1
2163,1e-04,"0",0
2164,1e-04,"0",0
2165,1e-04,"0",0
2166,0.000806580018483105,"0",0
2167,1e-04,"0",0
2168,1e-04,"0",0
2169,1e-04,"0",0
2170,1e-04,"0",0
2171,1e-04,"0",0
2172,0.9999,"1",1
2173,1e-04,"0",0
2174,1e-04,"0",0
2175,1e-04,"0",0
2176,1e-04,"0",0
2177,1e-04,"0",0
2178,0.0037358898208113,"0",0
2179,1e-04,"0",0
2180,1e-04,"0",0
2181,1e-04,"0",0
2182,1e-04,"0",0
2183,1e-04,"0",0
2184,0.999851721596695,"1",1
2185,1e-04,"0",0
2186,1e-04,"0",0
2187,1e-04,"0",0
2188,1e-04,"0",0
2189,1e-04,"0",0
2190,0.9999,"1",1
2191,1e-04,"0",0
2192,1e-04,"0",0
2193,0.000258023840228883,"0",0
2194,0.990940309523871,"1",1
2195,1e-04,"0",0
2196,0.9999,"1",1
2197,0.000146953902104396,"0",0
2198,1e-04,"0",0
2199,1e-04,"0",0
2200,1e-04,"0",0
2201,1e-04,"0",0
2202,0.999685711161575,"1",1
2203,1e-04,"0",0
2204,1e-04,"0",0
2205,1e-04,"0",0
2206,1e-04,"0",0
2207,1e-04,"0",0
2208,1e-04,"0",0
2209,1e-04,"0",0
2210,0.9999,"1",1
2211,1e-04,"0",0
2212,0.999798444624297,"1",1
2213,1e-04,"0",0
2214,1e-04,"0",0
2215,1e-04,"0",0
2216,1e-04,"0",0
2217,1e-04,"0",0
2218,0.997391600241862,"1",1
2219,1e-04,"0",0
2220,1e-04,"0",0
2221,1e-04,"0",0
2222,1e-04,"0",0
2223,1e-04,"0",0
2224,1e-04,"0",0
2225,1e-04,"0",0
2226,1e-04,"0",0
2227,1e-04,"0",0
2228,1e-04,"0",0
2229,1e-04,"0",0
2230,0.000220112302597553,"0",0
2231,0.000362122676698551,"0",0
2232,1e-04,"0",0
2233,1e-04,"0",0
2234,1e-04,"0",0
2235,0.000122910388941411,"0",0
2236,1e-04,"0",0
2237,1e-04,"0",0
2238,0.000413830928288283,"0",0
2239,0.000134687409351297,"0",0
2240,0.000174263753887294,"0",0
2241,0.000151327607170515,"0",0
2242,1e-04,"0",0
2243,1e-04,"0",0
2244,0.00117270717348661,"0",0
2245,1e-04,"0",0
2246,1e-04,"0",0
2247,1e-04,"0",0
2248,1e-04,"0",0
2249,0.9999,"1",1
2250,0.000139283355521602,"0",0
2251,1e-04,"0",0
2252,1e-04,"0",0
2253,0.999704039694007,"1",1
2254,1e-04,"0",0
2255,1e-04,"0",0
2256,1e-04,"0",0
2257,1e-04,"0",0
2258,1e-04,"0",0
2259,1e-04,"0",0
2260,1e-04,"0",0
2261,1e-04,"0",0
2262,1e-04,"0",0
2263,0.9999,"1",1
2264,1e-04,"0",0
2265,1e-04,"0",0
2266,1e-04,"0",0
2267,1e-04,"0",0
2268,1e-04,"0",0
2269,1e-04,"0",0
2270,1e-04,"0",0
2271,1e-04,"0",0
2272,1e-04,"0",0
2273,0.000346498775002368,"0",0
2274,1e-04,"0",0
2275,1e-04,"0",0
2276,0.999366947501767,"1",1
2277,1e-04,"0",0
2278,0.000476523161307085,"0",0
2279,1e-04,"0",0
2280,1e-04,"0",0
2281,0.000587115646342506,"0",0
2282,0.000103937921697717,"0",0
2283,0.000503614910287498,"0",0
2284,1e-04,"0",0
2285,1e-04,"0",0
2286,0.00440128812692731,"0",0
2287,1e-04,"0",0
2288,1e-04,"0",0
2289,1e-04,"0",0
2290,0.9999,"1",1
2291,1e-04,"0",0
2292,0.9999,"1",1
2293,0.999838063820124,"1",1
2294,1e-04,"0",0
2295,0.9999,"1",1
2296,1e-04,"0",0
2297,1e-04,"0",0
2298,1e-04,"0",0
2299,1e-04,"0",0
2300,1e-04,"0",0
2301,1e-04,"0",0
2302,0.00044615300898454,"0",0
2303,1e-04,"0",0
2304,1e-04,"0",0
2305,1e-04,"0",0
2306,1e-04,"0",0
2307,1e-04,"0",0
2308,1e-04,"0",0
2309,1e-04,"0",0
2310,1e-04,"0",0
2311,1e-04,"0",0
2312,1e-04,"0",0
2313,0.999810169902572,"1",1
2314,1e-04,"0",0
2315,1e-04,"0",0
2316,0.526812286598345,"1",1
2317,0.00392916490403661,"0",0
2318,1e-04,"0",0
2319,1e-04,"0",0
2320,0.9999,"1",1
2321,0.999853369982961,"1",1
2322,1e-04,"0",0
2323,0.999251073929526,"1",1
2324,0.999741591185116,"1",1
2325,0.000171024669742614,"0",0
2326,1e-04,"0",0
2327,1e-04,"0",0
2328,1e-04,"0",0
2329,0.000371778907732434,"0",0
2330,1e-04,"0",0
2331,1e-04,"0",0
2332,1e-04,"0",0
2333,0.00314857404279822,"0",0
2334,1e-04,"0",0
2335,1e-04,"0",0
2336,1e-04,"0",0
2337,1e-04,"0",0
2338,0.000107728872841939,"0",0
2339,1e-04,"0",0
2340,0.00100077148990019,"0",0
2341,1e-04,"0",0
2342,1e-04,"0",0
2343,0.000140670573484436,"0",0
2344,1e-04,"0",0
2345,1e-04,"0",0
2346,0.000378166674208091,"0",0
2347,0.00806833613711988,"0",0
2348,1e-04,"0",0
2349,1e-04,"0",0
2350,1e-04,"0",0
2351,0.000163217841688823,"0",0
2352,0.998962895530886,"1",1
2353,0.00210029600588213,"0",0
2354,1e-04,"0",0
2355,1e-04,"0",0
2356,1e-04,"0",0
2357,0.000751287768728015,"0",0
2358,1e-04,"0",0
2359,1e-04,"0",0
2360,1e-04,"0",0
2361,1e-04,"0",0
2362,1e-04,"0",0
2363,1e-04,"0",0
2364,1e-04,"0",0
2365,0.00047314460182768,"0",0
2366,1e-04,"0",0
2367,1e-04,"0",0
2368,0.00090047582685171,"0",0
2369,1e-04,"0",0
2370,1e-04,"0",0
2371,1e-04,"0",0
2372,0.9999,"1",1
2373,1e-04,"0",0
2374,1e-04,"0",0
2375,0.9999,"1",1
2376,1e-04,"0",0
2377,0.000167783331263771,"0",0
2378,1e-04,"0",0
2379,0.000176614132638919,"0",0
2380,1e-04,"0",0
2381,1e-04,"0",0
2382,1e-04,"0",0
2383,1e-04,"0",0
2384,0.9999,"1",1
2385,1e-04,"0",0
2386,1e-04,"0",0
2387,1e-04,"0",0
2388,0.000351733124529185,"0",0
2389,0.000124457318203097,"0",0
2390,1e-04,"0",0
2391,1e-04,"0",0
2392,1e-04,"0",0
2393,1e-04,"0",0
2394,1e-04,"0",0
2395,0.000124721368433667,"0",0
2396,1e-04,"0",0
2397,0.9999,"1",1
2398,1e-04,"0",0
2399,0.9999,"1",1
2400,1e-04,"0",0
2401,1e-04,"0",0
2402,1e-04,"0",0
2403,1e-04,"0",0
2404,1e-04,"0",0
2405,1e-04,"0",0
2406,1e-04,"0",0
2407,0.978212275299289,"1",1
2408,0.9999,"1",1
2409,0.9999,"1",1
2410,1e-04,"0",0
2411,0.00076867267981251,"0",0
2412,1e-04,"0",0
2413,0.000138903435522364,"0",0
2414,1e-04,"0",0
2415,1e-04,"0",0
2416,0.000338552625886446,"0",0
2417,1e-04,"0",0
2418,0.00379118394458766,"0",0
2419,1e-04,"0",0
2420,0.000438802484787781,"0",0
2421,0.997383862791196,"1",1
2422,1e-04,"0",0
2423,1e-04,"0",0
2424,1e-04,"0",0
2425,0.993530365364808,"1",1
2426,0.000470565679898338,"0",0
2427,1e-04,"0",0
2428,0.000387964133089724,"0",0
2429,0.000131756926323279,"0",0
2430,1e-04,"0",0
2431,1e-04,"0",0
2432,1e-04,"0",0
2433,1e-04,"0",0
2434,0.000212429932434199,"0",0
2435,1e-04,"0",0
2436,1e-04,"0",0
2437,1e-04,"0",0
2438,0.984673401151559,"1",1
2439,1e-04,"0",0
2440,1e-04,"0",0
2441,0.000662767872632974,"0",0
2442,1e-04,"0",0
2443,1e-04,"0",0
2444,1e-04,"0",0
2445,1e-04,"0",0
2446,1e-04,"0",0
2447,0.000197569786267393,"0",0
2448,1e-04,"0",0
2449,1e-04,"0",0
2450,1e-04,"0",0
2451,1e-04,"0",0
2452,1e-04,"0",0
2453,0.9999,"1",1
2454,1e-04,"0",0
2455,0.0100768982663408,"0",0
2456,1e-04,"0",0
2457,1e-04,"0",0
2458,1e-04,"0",0
2459,1e-04,"0",0
2460,0.000183948709251536,"0",0
2461,1e-04,"0",0
2462,1e-04,"0",0
2463,1e-04,"0",0
2464,1e-04,"0",0
2465,0.000122509228964063,"0",0
2466,1e-04,"0",0
2467,1e-04,"0",0
2468,1e-04,"0",0
2469,0.985649154909278,"1",1
2470,1e-04,"0",0
2471,1e-04,"0",0
2472,1e-04,"0",0
2473,1e-04,"0",0
2474,0.00053625829076609,"0",0
2475,0.000113813716201672,"0",0
2476,1e-04,"0",0
2477,0.9999,"1",1
2478,1e-04,"0",0
2479,1e-04,"0",0
2480,1e-04,"0",0
2481,1e-04,"0",0
2482,1e-04,"0",0
2483,1e-04,"0",0
2484,1e-04,"0",0
2485,1e-04,"0",0
2486,1e-04,"0",0
2487,0.000239780132520795,"0",0
2488,1e-04,"0",0
2489,0.00188246546190152,"0",0
2490,1e-04,"0",0
2491,1e-04,"0",0
2492,1e-04,"0",0
2493,1e-04,"0",0
2494,0.000407787998432219,"0",0
2495,1e-04,"0",0
2496,0.000888355005650876,"0",0
2497,0.000107226409208461,"0",0
2498,0.822042865342963,"1",1
2499,1e-04,"0",0
2500,0.999897008628462,"1",1
2501,1e-04,"0",0
2502,0.000225114927110859,"0",0
2503,1e-04,"0",0
2504,1e-04,"0",0
2505,1e-04,"0",0
2506,1e-04,"0",0
2507,0.00089144027272825,"0",0
2508,1e-04,"0",0
2509,1e-04,"0",0
2510,1e-04,"0",0
2511,1e-04,"0",0
2512,1e-04,"0",0
2513,1e-04,"0",0
2514,1e-04,"0",0
2515,1e-04,"0",0
2516,0.000110518280926231,"0",0
2517,1e-04,"0",0
2518,1e-04,"0",0
2519,1e-04,"0",0
2520,1e-04,"0",0
2521,0.000324399494218808,"0",0
2522,1e-04,"0",0
2523,1e-04,"0",0
2524,1e-04,"0",0
2525,1e-04,"0",0
2526,1e-04,"0",0
2527,0.000256991892680913,"0",0
2528,1e-04,"0",0
2529,1e-04,"0",0
2530,1e-04,"0",0
2531,1e-04,"0",0
2532,1e-04,"0",0
2533,1e-04,"0",0
2534,1e-04,"0",0
2535,1e-04,"0",0
2536,1e-04,"0",0
2537,1e-04,"0",0
2538,1e-04,"0",0
2539,0.000866530980619173,"0",0
2540,0.995915850653758,"1",1
2541,1e-04,"0",0
2542,0.976914664341889,"1",1
2543,1e-04,"0",0
2544,1e-04,"0",0
2545,0.000566936577085952,"0",0
2546,0.00375258618564778,"0",0
2547,1e-04,"0",0
2548,1e-04,"0",0
2549,1e-04,"0",0
2550,1e-04,"0",0
2551,1e-04,"0",0
2552,1e-04,"0",0
2553,1e-04,"0",0
2554,1e-04,"0",0
2555,1e-04,"0",0
2556,0.00236011682740056,"0",0
2557,1e-04,"0",0
2558,0.000378821279718444,"0",0
2559,1e-04,"0",0
2560,1e-04,"0",0
2561,1e-04,"0",0
2562,1e-04,"0",0
2563,1e-04,"0",0
2564,1e-04,"0",0
2565,1e-04,"0",0
2566,0.000148988713737475,"0",0
2567,1e-04,"0",0
2568,1e-04,"0",0
2569,1e-04,"0",0
2570,0.985047902227279,"1",1
2571,0.9999,"1",1
2572,0.000192977388360993,"0",0
2573,1e-04,"0",0
2574,0.999881967441124,"1",1
2575,0.0127299115928378,"0",0
2576,1e-04,"0",0
2577,0.000647994932550078,"0",0
2578,1e-04,"0",0
2579,1e-04,"0",0
2580,0.000451006812469568,"0",0
2581,1e-04,"0",0
2582,1e-04,"0",0
2583,1e-04,"0",0
2584,1e-04,"0",0
2585,0.000451332089945411,"0",0
2586,1e-04,"0",0
2587,1e-04,"0",0
2588,0.000101292959224009,"0",0
2589,1e-04,"0",0
2590,1e-04,"0",0
2591,1e-04,"0",0
2592,0.826190431086821,"1",0
2593,1e-04,"0",0
2594,1e-04,"0",0
2595,1e-04,"0",0
2596,1e-04,"0",0
2597,1e-04,"0",0
2598,1e-04,"0",0
2599,1e-04,"0",0
2600,1e-04,"0",0
2601,1e-04,"0",0
2602,1e-04,"0",0
2603,0.9999,"1",1
2604,1e-04,"0",0
2605,1e-04,"0",0
2606,0.999209972335501,"1",1
2607,1e-04,"0",0
2608,0.833478307168362,"1",1
2609,1e-04,"0",0
2610,1e-04,"0",0
2611,1e-04,"0",0
2612,1e-04,"0",0
2613,0.000551724164621348,"0",0
2614,1e-04,"0",0
2615,1e-04,"0",0
2616,1e-04,"0",0
2617,0.00023572154359075,"0",0
2618,1e-04,"0",0
2619,0.00513677244425559,"0",0
2620,1e-04,"0",0
2621,0.000970163654891776,"0",0
2622,1e-04,"0",0
2623,1e-04,"0",0
2624,1e-04,"0",0
2625,1e-04,"0",0
2626,0.000101782840866371,"0",0
2627,0.000147257390010869,"0",0
2628,1e-04,"0",0
2629,1e-04,"0",0
2630,1e-04,"0",0
2631,1e-04,"0",0
2632,1e-04,"0",0
2633,1e-04,"0",0
2634,1e-04,"0",0
2635,1e-04,"0",0
2636,0.9999,"1",1
2637,0.998806379469482,"1",1
2638,1e-04,"0",0
2639,1e-04,"0",0
2640,0.9999,"1",1
2641,0.9999,"1",1
2642,1e-04,"0",0
2643,1e-04,"0",0
2644,0.000174287618985969,"0",0
2645,1e-04,"0",0
2646,0.000345130913735892,"0",0
2647,1e-04,"0",0
2648,0.000178216889382021,"0",0
2649,1e-04,"0",0
2650,1e-04,"0",0
2651,1e-04,"0",0
2652,1e-04,"0",0
2653,1e-04,"0",0
2654,1e-04,"0",0
2655,0.000144183218660277,"0",0
2656,1e-04,"0",0
2657,1e-04,"0",0
2658,1e-04,"0",0
2659,1e-04,"0",0
2660,1e-04,"0",0
2661,1e-04,"0",0
2662,1e-04,"0",0
2663,0.998147999113785,"1",1
2664,1e-04,"0",0
2665,1e-04,"0",0
2666,1e-04,"0",0
2667,1e-04,"0",0
2668,0.000807667601334994,"0",0
2669,0.000131246858429024,"0",0
2670,1e-04,"0",0
2671,1e-04,"0",0
2672,0.000480989893065997,"0",0
2673,1e-04,"0",0
2674,0.000120118962062654,"0",0
2675,1e-04,"0",0
2676,1e-04,"0",0
2677,1e-04,"0",0
2678,0.9999,"1",1
2679,1e-04,"0",0
2680,1e-04,"0",0
2681,1e-04,"0",0
2682,1e-04,"0",0
2683,1e-04,"0",0
2684,1e-04,"0",0
2685,1e-04,"0",0
2686,0.9999,"1",1
2687,0.00105598588850409,"0",0
2688,0.000181145618625145,"0",0
2689,1e-04,"0",0
2690,0.999445670050262,"1",1
2691,1e-04,"0",0
2692,1e-04,"0",0
2693,1e-04,"0",0
2694,1e-04,"0",0
2695,1e-04,"0",0
2696,0.000238260369422094,"0",0
2697,0.000401724766964762,"0",0
2698,1e-04,"0",0
2699,1e-04,"0",0
2700,1e-04,"0",0
2701,1e-04,"0",0
2702,1e-04,"0",0
2703,1e-04,"0",0
2704,0.00041524943426674,"0",0
2705,1e-04,"0",0
2706,0.988992305046802,"1",1
2707,0.987650988850805,"1",1
2708,1e-04,"0",0
2709,0.00124721451236431,"0",0
2710,1e-04,"0",0
2711,0.000952184987823679,"0",0
2712,1e-04,"0",0
2713,1e-04,"0",0
2714,1e-04,"0",0
2715,0.000460750985376124,"0",0
2716,0.000101549224451936,"0",0
2717,1e-04,"0",0
2718,0.999339424671228,"1",1
2719,1e-04,"0",0
2720,1e-04,"0",0
2721,1e-04,"0",0
2722,1e-04,"0",0
2723,1e-04,"0",0
2724,0.00312384879546201,"0",0
2725,0.000132914524108574,"0",0
2726,1e-04,"0",0
2727,0.999616227370844,"1",1
2728,0.9999,"1",1
2729,1e-04,"0",0
2730,1e-04,"0",0
2731,1e-04,"0",0
2732,1e-04,"0",0
2733,1e-04,"0",0
2734,0.000105735117888361,"0",0
2735,1e-04,"0",0
2736,1e-04,"0",0
2737,1e-04,"0",0
2738,1e-04,"0",0
2739,1e-04,"0",0
2740,1e-04,"0",0
2741,0.00011402649674741,"0",0
2742,1e-04,"0",0
2743,1e-04,"0",0
2744,1e-04,"0",0
2745,1e-04,"0",0
2746,0.0174174491479562,"0",1
2747,1e-04,"0",0
2748,1e-04,"0",0
